chr_no	ensemble_gene_id	gene_start	gene_end	strand	cmh_p_val.p_adj_genome_wide.nlp	snp_pos
1	ENSBTAG00000046619	19774	19899	-1	0	469048
1	ENSBTAG00000046619	19774	19899	-1	0	472204
1	ENSBTAG00000046619	19774	19899	-1	0	1110100
1	ENSBTAG00000046619	19774	19899	-1	0	1099320
1	ENSBTAG00000046619	19774	19899	-1	0.0226300999384545	1114324
1	ENSBTAG00000046619	19774	19899	-1	0.0584070336720169	1227110
1	ENSBTAG00000046619	19774	19899	-1	0.0240665590730013	990407
1	ENSBTAG00000046619	19774	19899	-1	0	1166953
1	ENSBTAG00000046619	19774	19899	-1	0	1052322
1	ENSBTAG00000046619	19774	19899	-1	0.0231905517205887	463423
1	ENSBTAG00000046619	19774	19899	-1	0.0904769946843774	1282011
1	ENSBTAG00000046619	19774	19899	-1	0	1368063
1	ENSBTAG00000046619	19774	19899	-1	0	1079302
1	ENSBTAG00000046619	19774	19899	-1	0	993878
1	ENSBTAG00000046619	19774	19899	-1	0.274066060839143	1167724
1	ENSBTAG00000006858	34627	35558	1	0.0154176112475272	1162725
1	ENSBTAG00000006858	34627	35558	1	0	1035702
1	ENSBTAG00000006858	34627	35558	1	0	463984
1	ENSBTAG00000006858	34627	35558	1	0.0843399853601361	1062718
1	ENSBTAG00000006858	34627	35558	1	0	999091
1	ENSBTAG00000006858	34627	35558	1	0	960188
1	ENSBTAG00000006858	34627	35558	1	0.0513237227829971	969117
1	ENSBTAG00000006858	34627	35558	1	0.390471353624179	1131155
1	ENSBTAG00000039257	69695	71121	-1	0	689562
1	ENSBTAG00000039257	69695	71121	-1	0.044009966719081	1380339
1	ENSBTAG00000039257	69695	71121	-1	0	169821
1	ENSBTAG00000039257	69695	71121	-1	0	1168240
1	ENSBTAG00000035349	83323	84281	-1	0	1067362
1	ENSBTAG00000035349	83323	84281	-1	0.13118332458813	695081
1	ENSBTAG00000035349	83323	84281	-1	0.0591981700201377	1126415
1	ENSBTAG00000035349	83323	84281	-1	0	463174
1	ENSBTAG00000035349	83323	84281	-1	0.897736439166571	1367725
1	ENSBTAG00000035349	83323	84281	-1	0.0812947444025985	461294
1	ENSBTAG00000035349	83323	84281	-1	0	1141117
1	ENSBTAG00000035349	83323	84281	-1	0.456455491886747	1264230
1	ENSBTAG00000035349	83323	84281	-1	0.258602487245898	159942
1	ENSBTAG00000035349	83323	84281	-1	0	1057506
1	ENSBTAG00000001753	124849	179713	-1	0.000109506673962312	468361
1	ENSBTAG00000001753	124849	179713	-1	0.00371150574437299	1043451
1	ENSBTAG00000001753	124849	179713	-1	0	468072
1	ENSBTAG00000001753	124849	179713	-1	0	20638
1	ENSBTAG00000001753	124849	179713	-1	0.0206779234963889	464110
1	ENSBTAG00000001753	124849	179713	-1	0	1236677
1	ENSBTAG00000001753	124849	179713	-1	0.203831324039481	692618
1	ENSBTAG00000001753	124849	179713	-1	0.13296007277317	977745
1	ENSBTAG00000001753	124849	179713	-1	0.00293070539566836	694354
1	ENSBTAG00000001753	124849	179713	-1	0.0193829978693013	1323756
1	ENSBTAG00000001753	124849	179713	-1	0	1117800
1	ENSBTAG00000001753	124849	179713	-1	0.203658687665523	1038916
1	ENSBTAG00000001753	124849	179713	-1	0	708254
1	ENSBTAG00000001753	124849	179713	-1	0.0930458611495045	1056387
1	ENSBTAG00000001753	124849	179713	-1	0.0327049387543111	1127869
1	ENSBTAG00000001753	124849	179713	-1	0	1001480
1	ENSBTAG00000001753	124849	179713	-1	0	691308
1	ENSBTAG00000001753	124849	179713	-1	0	157428
1	ENSBTAG00000001753	124849	179713	-1	0	1136341
1	ENSBTAG00000001753	124849	179713	-1	0.17302354278239	151066
1	ENSBTAG00000001753	124849	179713	-1	0.225218898188418	962650
1	ENSBTAG00000001753	124849	179713	-1	0.127912688138312	956947
1	ENSBTAG00000001753	124849	179713	-1	0.292249248500243	693541
1	ENSBTAG00000001753	124849	179713	-1	0.08218638897852	1357920
1	ENSBTAG00000001753	124849	179713	-1	0.0699383933671008	1231038
1	ENSBTAG00000001753	124849	179713	-1	0	463449
1	ENSBTAG00000001753	124849	179713	-1	0	1309357
1	ENSBTAG00000001753	124849	179713	-1	0	1346502
1	ENSBTAG00000001753	124849	179713	-1	0	146514
1	ENSBTAG00000001753	124849	179713	-1	0.0393459949398154	1308961
1	ENSBTAG00000001753	124849	179713	-1	0	1070271
1	ENSBTAG00000001753	124849	179713	-1	0	467767
1	ENSBTAG00000001753	124849	179713	-1	0	946949
1	ENSBTAG00000001753	124849	179713	-1	0	981818
1	ENSBTAG00000001753	124849	179713	-1	0.00343187805998445	158635
1	ENSBTAG00000001753	124849	179713	-1	0.083392934332615	968852
1	ENSBTAG00000001753	124849	179713	-1	0	1130976
1	ENSBTAG00000001753	124849	179713	-1	0	1113225
1	ENSBTAG00000001753	124849	179713	-1	0.122420505850228	145159
1	ENSBTAG00000001753	124849	179713	-1	0	980344
1	ENSBTAG00000001753	124849	179713	-1	0	1350695
1	ENSBTAG00000001753	124849	179713	-1	0.0735780106886642	1233619
1	ENSBTAG00000001753	124849	179713	-1	0	1057782
1	ENSBTAG00000001753	124849	179713	-1	0.0639832049870915	1092275
1	ENSBTAG00000001753	124849	179713	-1	0	1261376
1	ENSBTAG00000001753	124849	179713	-1	0.0874290391958628	354808
1	ENSBTAG00000001753	124849	179713	-1	0	695310
1	ENSBTAG00000001753	124849	179713	-1	0.22472462504846	146255
1	ENSBTAG00000001753	124849	179713	-1	0.115961720148525	958377
1	ENSBTAG00000001753	124849	179713	-1	0.339812081261118	479202
1	ENSBTAG00000001753	124849	179713	-1	0	464661
1	ENSBTAG00000001753	124849	179713	-1	0	1070041
1	ENSBTAG00000001753	124849	179713	-1	0	459330
1	ENSBTAG00000001753	124849	179713	-1	0	1360849
1	ENSBTAG00000001753	124849	179713	-1	0	1144069
1	ENSBTAG00000001753	124849	179713	-1	0	686495
1	ENSBTAG00000001753	124849	179713	-1	0.0417431356242659	930241
1	ENSBTAG00000001753	124849	179713	-1	0	1227701
1	ENSBTAG00000001753	124849	179713	-1	0	405826
1	ENSBTAG00000001753	124849	179713	-1	0.00182889638223142	155239
1	ENSBTAG00000001753	124849	179713	-1	0	467668
1	ENSBTAG00000001753	124849	179713	-1	0.383095872793465	405551
1	ENSBTAG00000001753	124849	179713	-1	0	1376520
1	ENSBTAG00000001753	124849	179713	-1	0.20448626135138	1049347
1	ENSBTAG00000001753	124849	179713	-1	0	950428
1	ENSBTAG00000001753	124849	179713	-1	0.0680225007650337	1167119
1	ENSBTAG00000001753	124849	179713	-1	0.280538560501311	1105357
1	ENSBTAG00000001753	124849	179713	-1	0.0607695846064674	1202217
1	ENSBTAG00000001753	124849	179713	-1	0.236835697223225	1064428
1	ENSBTAG00000001753	124849	179713	-1	0.0857482347355665	1253742
1	ENSBTAG00000001753	124849	179713	-1	0	977326
1	ENSBTAG00000001753	124849	179713	-1	0	474844
1	ENSBTAG00000001753	124849	179713	-1	0	1076651
1	ENSBTAG00000001753	124849	179713	-1	0.165854591234113	685535
1	ENSBTAG00000001753	124849	179713	-1	0	1082294
1	ENSBTAG00000001753	124849	179713	-1	0.388263474338686	36337
1	ENSBTAG00000001753	124849	179713	-1	0	969545
1	ENSBTAG00000001753	124849	179713	-1	0.106794870667898	1074123
1	ENSBTAG00000001753	124849	179713	-1	0	967511
1	ENSBTAG00000001753	124849	179713	-1	0	994953
1	ENSBTAG00000001753	124849	179713	-1	0	1358714
1	ENSBTAG00000001753	124849	179713	-1	0.0336866589254342	1247373
1	ENSBTAG00000001753	124849	179713	-1	0.0625578402170724	1350450
1	ENSBTAG00000001753	124849	179713	-1	0.190017451969438	680799
1	ENSBTAG00000001753	124849	179713	-1	0.0347675994157516	1328389
1	ENSBTAG00000001753	124849	179713	-1	0.388263474338686	407990
1	ENSBTAG00000001753	124849	179713	-1	0	402997
1	ENSBTAG00000001753	124849	179713	-1	0	1337150
1	ENSBTAG00000001753	124849	179713	-1	0.465329475885823	946885
1	ENSBTAG00000001753	124849	179713	-1	0	668920
1	ENSBTAG00000001753	124849	179713	-1	0	968252
1	ENSBTAG00000001753	124849	179713	-1	0.00816269767482359	1309569
1	ENSBTAG00000001753	124849	179713	-1	0	170631
1	ENSBTAG00000001753	124849	179713	-1	0	981949
1	ENSBTAG00000001753	124849	179713	-1	0.358035819459941	978095
1	ENSBTAG00000001753	124849	179713	-1	0.016391158231541	148771
1	ENSBTAG00000001753	124849	179713	-1	0	150933
1	ENSBTAG00000001753	124849	179713	-1	0.325322486849172	403393
1	ENSBTAG00000001753	124849	179713	-1	0	972916
1	ENSBTAG00000001753	124849	179713	-1	0	697632
1	ENSBTAG00000001753	124849	179713	-1	0.272717284083775	164683
1	ENSBTAG00000001753	124849	179713	-1	0.0428056122533993	1020150
1	ENSBTAG00000001753	124849	179713	-1	0.11601360386049	473117
1	ENSBTAG00000001753	124849	179713	-1	0.0348481631550178	1050675
1	ENSBTAG00000001753	124849	179713	-1	0	401384
1	ENSBTAG00000001753	124849	179713	-1	0	1361202
1	ENSBTAG00000001753	124849	179713	-1	0.0256868106873292	1354771
1	ENSBTAG00000001753	124849	179713	-1	0	1109509
1	ENSBTAG00000001753	124849	179713	-1	0.152968397565767	460661
1	ENSBTAG00000001753	124849	179713	-1	0.00475160818893188	701151
1	ENSBTAG00000001753	124849	179713	-1	0	1040958
1	ENSBTAG00000001753	124849	179713	-1	0	169456
1	ENSBTAG00000001753	124849	179713	-1	0	1061883
1	ENSBTAG00000001753	124849	179713	-1	0	960174
1	ENSBTAG00000001753	124849	179713	-1	0.0898451405048697	994982
1	ENSBTAG00000001753	124849	179713	-1	0	406882
1	ENSBTAG00000001753	124849	179713	-1	0	1181691
1	ENSBTAG00000001753	124849	179713	-1	0.0412730605715115	1235181
1	ENSBTAG00000001753	124849	179713	-1	0.0456139535335341	1351846
1	ENSBTAG00000001753	124849	179713	-1	0.157669390041532	995867
1	ENSBTAG00000001753	124849	179713	-1	0	353384
1	ENSBTAG00000001753	124849	179713	-1	0.172687640893811	1367041
1	ENSBTAG00000001753	124849	179713	-1	0	677239
1	ENSBTAG00000001753	124849	179713	-1	0.0759326079903467	1128235
1	ENSBTAG00000001753	124849	179713	-1	0.146266460547645	1257392
1	ENSBTAG00000001753	124849	179713	-1	0.00147085600067847	1021055
1	ENSBTAG00000001753	124849	179713	-1	0	162706
1	ENSBTAG00000001753	124849	179713	-1	0.306750813665281	487989
1	ENSBTAG00000001753	124849	179713	-1	0.0696800485283001	950841
1	ENSBTAG00000001753	124849	179713	-1	0.0279669323860947	1211099
1	ENSBTAG00000001753	124849	179713	-1	0	961981
1	ENSBTAG00000001753	124849	179713	-1	0.135857785822557	957888
1	ENSBTAG00000001753	124849	179713	-1	0.313198724402607	1167444
1	ENSBTAG00000001753	124849	179713	-1	0	669804
1	ENSBTAG00000001753	124849	179713	-1	0.00314889033197184	1101718
1	ENSBTAG00000001753	124849	179713	-1	0.0806367350264817	709964
1	ENSBTAG00000001753	124849	179713	-1	0.17096516721335	1360745
1	ENSBTAG00000001753	124849	179713	-1	0.200762716890178	731597
1	ENSBTAG00000001753	124849	179713	-1	0	1291940
1	ENSBTAG00000001753	124849	179713	-1	0	264831
1	ENSBTAG00000001753	124849	179713	-1	0.110890382740819	1275619
1	ENSBTAG00000001753	124849	179713	-1	0.105186164719816	467215
1	ENSBTAG00000001753	124849	179713	-1	0	1002597
1	ENSBTAG00000001753	124849	179713	-1	0	968482
1	ENSBTAG00000001753	124849	179713	-1	0.139095151260663	1309933
1	ENSBTAG00000001753	124849	179713	-1	0.137473656902941	1166371
1	ENSBTAG00000001753	124849	179713	-1	0.332140909342372	1361744
1	ENSBTAG00000001753	124849	179713	-1	0.244330792908623	1292830
1	ENSBTAG00000001753	124849	179713	-1	0.0544746639370981	972917
1	ENSBTAG00000001753	124849	179713	-1	0	990995
1	ENSBTAG00000001753	124849	179713	-1	0.444212362537999	1084475
1	ENSBTAG00000001753	124849	179713	-1	0	1210989
1	ENSBTAG00000001753	124849	179713	-1	0	1030668
1	ENSBTAG00000001753	124849	179713	-1	0.0625159980410733	469155
1	ENSBTAG00000001753	124849	179713	-1	0	1061855
1	ENSBTAG00000001753	124849	179713	-1	0	969259
1	ENSBTAG00000001753	124849	179713	-1	0.0933040497849604	471915
1	ENSBTAG00000001753	124849	179713	-1	0	1367709
1	ENSBTAG00000001753	124849	179713	-1	0.0553498700748498	974586
1	ENSBTAG00000001753	124849	179713	-1	0	713520
1	ENSBTAG00000001753	124849	179713	-1	0.025836672165593	82767
1	ENSBTAG00000001753	124849	179713	-1	0	407202
1	ENSBTAG00000001753	124849	179713	-1	0.15878645221033	1082800
1	ENSBTAG00000001753	124849	179713	-1	0.465602605432288	176298
1	ENSBTAG00000005540	264298	264843	-1	0	731143
1	ENSBTAG00000005540	264298	264843	-1	0	158742
1	ENSBTAG00000005540	264298	264843	-1	0	1085997
1	ENSBTAG00000005540	264298	264843	-1	0	466514
1	ENSBTAG00000005540	264298	264843	-1	0	682293
1	ENSBTAG00000005540	264298	264843	-1	0	1057585
1	ENSBTAG00000020035	351708	362907	1	0	1308956
1	ENSBTAG00000020035	351708	362907	1	0	1308941
1	ENSBTAG00000020035	351708	362907	1	0	125284
1	ENSBTAG00000020035	351708	362907	1	0	1097075
1	ENSBTAG00000020035	351708	362907	1	0.00729438807995913	1062432
1	ENSBTAG00000020035	351708	362907	1	0.0249637372760508	949510
1	ENSBTAG00000020035	351708	362907	1	0.244330792908623	355460
1	ENSBTAG00000020035	351708	362907	1	0	1309122
1	ENSBTAG00000020035	351708	362907	1	0	1090733
1	ENSBTAG00000020035	351708	362907	1	0	164641
1	ENSBTAG00000020035	351708	362907	1	0	422257
1	ENSBTAG00000020035	351708	362907	1	0.100261404423975	422252
1	ENSBTAG00000020035	351708	362907	1	0.0926570018730696	717556
1	ENSBTAG00000020035	351708	362907	1	0	957998
1	ENSBTAG00000020035	351708	362907	1	0.0231905517205887	20649
1	ENSBTAG00000020035	351708	362907	1	0	977863
1	ENSBTAG00000020035	351708	362907	1	0	1361281
1	ENSBTAG00000020035	351708	362907	1	0.12270139502311	686712
1	ENSBTAG00000020035	351708	362907	1	0	1008687
1	ENSBTAG00000020035	351708	362907	1	0	20796
1	ENSBTAG00000020035	351708	362907	1	0	1336678
1	ENSBTAG00000020035	351708	362907	1	0	1334037
1	ENSBTAG00000020035	351708	362907	1	0	1354888
1	ENSBTAG00000020035	351708	362907	1	0	966521
1	ENSBTAG00000020035	351708	362907	1	0	977642
1	ENSBTAG00000020035	351708	362907	1	0.210496629956576	145589
1	ENSBTAG00000020035	351708	362907	1	0	1085753
1	ENSBTAG00000020035	351708	362907	1	0	999018
1	ENSBTAG00000020035	351708	362907	1	0.118689840079723	971539
1	ENSBTAG00000020035	351708	362907	1	0	1097519
1	ENSBTAG00000020035	351708	362907	1	0	486883
1	ENSBTAG00000020035	351708	362907	1	0.202851330802576	958256
1	ENSBTAG00000020035	351708	362907	1	0.0231213168390558	728130
1	ENSBTAG00000020035	351708	362907	1	0.0206779234963889	694437
1	ENSBTAG00000020035	351708	362907	1	0	1380391
1	ENSBTAG00000020035	351708	362907	1	0.137728280855748	922895
1	ENSBTAG00000020035	351708	362907	1	0	1261127
1	ENSBTAG00000020035	351708	362907	1	0.0409951122116775	1360819
1	ENSBTAG00000020035	351708	362907	1	0	1097061
1	ENSBTAG00000020035	351708	362907	1	0.225218898188418	469648
1	ENSBTAG00000020035	351708	362907	1	0	702468
1	ENSBTAG00000020035	351708	362907	1	0	959141
1	ENSBTAG00000020035	351708	362907	1	0.0101252474509406	155408
1	ENSBTAG00000020035	351708	362907	1	0	1196923
1	ENSBTAG00000020035	351708	362907	1	0.343839298687387	956460
1	ENSBTAG00000020035	351708	362907	1	0.460975527568143	968291
1	ENSBTAG00000020035	351708	362907	1	0	1326037
1	ENSBTAG00000020035	351708	362907	1	0.754284849985717	1043342
1	ENSBTAG00000020035	351708	362907	1	0.109193171607277	1070549
1	ENSBTAG00000020035	351708	362907	1	0.0400256953392103	1270108
1	ENSBTAG00000020035	351708	362907	1	0.38594600225308	969627
1	ENSBTAG00000020035	351708	362907	1	0	470030
1	ENSBTAG00000020035	351708	362907	1	0.0344366677700196	360562
1	ENSBTAG00000020035	351708	362907	1	0.0771354587907776	1087691
1	ENSBTAG00000020035	351708	362907	1	0	474456
1	ENSBTAG00000020035	351708	362907	1	0.0258622931335042	1087888
1	ENSBTAG00000020035	351708	362907	1	0	1124661
1	ENSBTAG00000020035	351708	362907	1	0	1254918
1	ENSBTAG00000020035	351708	362907	1	0.092049727970328	1040436
1	ENSBTAG00000020035	351708	362907	1	0.126611998675117	1264087
1	ENSBTAG00000020035	351708	362907	1	0	1040235
1	ENSBTAG00000020035	351708	362907	1	0	1342818
1	ENSBTAG00000020035	351708	362907	1	0	1082403
1	ENSBTAG00000020035	351708	362907	1	0	704147
1	ENSBTAG00000020035	351708	362907	1	0.00155119116729099	264803
1	ENSBTAG00000020035	351708	362907	1	0	1243103
1	ENSBTAG00000020035	351708	362907	1	0.305042709621164	360776
1	ENSBTAG00000020035	351708	362907	1	0	1182047
1	ENSBTAG00000020035	351708	362907	1	0.0100498823284938	356537
1	ENSBTAG00000020035	351708	362907	1	0	947306
1	ENSBTAG00000020035	351708	362907	1	0	1157663
1	ENSBTAG00000020035	351708	362907	1	0	1092776
1	ENSBTAG00000001150	401206	407700	1	0	148853
1	ENSBTAG00000001150	401206	407700	1	0.00182889638223142	1367576
1	ENSBTAG00000001150	401206	407700	1	0.0788349955243779	723759
1	ENSBTAG00000001150	401206	407700	1	0	951237
1	ENSBTAG00000001150	401206	407700	1	0.393334476854338	154677
1	ENSBTAG00000001150	401206	407700	1	0.140380346110413	150057
1	ENSBTAG00000001150	401206	407700	1	0.112134682457935	1275977
1	ENSBTAG00000001150	401206	407700	1	0	1081021
1	ENSBTAG00000001150	401206	407700	1	0.0903928806288331	458876
1	ENSBTAG00000001150	401206	407700	1	0	459907
1	ENSBTAG00000001150	401206	407700	1	0	1333409
1	ENSBTAG00000001150	401206	407700	1	0	961235
1	ENSBTAG00000001150	401206	407700	1	0	714838
1	ENSBTAG00000001150	401206	407700	1	0	952987
1	ENSBTAG00000001150	401206	407700	1	0	961539
1	ENSBTAG00000001150	401206	407700	1	0	1174144
1	ENSBTAG00000001150	401206	407700	1	0	33696
1	ENSBTAG00000001150	401206	407700	1	0	146011
1	ENSBTAG00000001150	401206	407700	1	0	1332488
1	ENSBTAG00000001150	401206	407700	1	0.0898159254704553	1351566
1	ENSBTAG00000001150	401206	407700	1	0.0111688885396017	956454
1	ENSBTAG00000001150	401206	407700	1	0	1061337
1	ENSBTAG00000001150	401206	407700	1	0	1025817
1	ENSBTAG00000001150	401206	407700	1	0	462926
1	ENSBTAG00000001150	401206	407700	1	0	1038437
1	ENSBTAG00000001150	401206	407700	1	0.00289672862342363	1274095
1	ENSBTAG00000001150	401206	407700	1	0.106564801426869	1084321
1	ENSBTAG00000001150	401206	407700	1	0.00901320739059984	728005
1	ENSBTAG00000001150	401206	407700	1	0	1280144
1	ENSBTAG00000001150	401206	407700	1	0	1084927
1	ENSBTAG00000001150	401206	407700	1	0.0933040497849604	685512
1	ENSBTAG00000001150	401206	407700	1	0	1054111
1	ENSBTAG00000001150	401206	407700	1	0	1223376
1	ENSBTAG00000001150	401206	407700	1	NA	1191677
1	ENSBTAG00000001150	401206	407700	1	0	954215
1	ENSBTAG00000001150	401206	407700	1	0	1360089
1	ENSBTAG00000001150	401206	407700	1	0.060807282249272	1005607
1	ENSBTAG00000001150	401206	407700	1	0	1120067
1	ENSBTAG00000001150	401206	407700	1	0	1152769
1	ENSBTAG00000001150	401206	407700	1	0	156884
1	ENSBTAG00000001150	401206	407700	1	0	1143202
1	ENSBTAG00000001150	401206	407700	1	0.0231213168390558	477830
1	ENSBTAG00000001150	401206	407700	1	0	1251787
1	ENSBTAG00000001150	401206	407700	1	0	461014
1	ENSBTAG00000001150	401206	407700	1	0.284821516436594	147329
1	ENSBTAG00000001150	401206	407700	1	0.00433011920028914	84182
1	ENSBTAG00000001150	401206	407700	1	0.0676734727278042	710093
1	ENSBTAG00000001150	401206	407700	1	0	1284037
1	ENSBTAG00000001150	401206	407700	1	0	1290910
1	ENSBTAG00000001150	401206	407700	1	0	705852
1	ENSBTAG00000001150	401206	407700	1	0	1001151
1	ENSBTAG00000001150	401206	407700	1	0	466183
1	ENSBTAG00000026259	421945	422280	1	0	691981
1	ENSBTAG00000026259	421945	422280	1	0.0620143946410265	999603
1	ENSBTAG00000026259	421945	422280	1	5.90003846891429e-05	1002924
1	ENSBTAG00000026259	421945	422280	1	0.13385084729341	466004
1	ENSBTAG00000026259	421945	422280	1	0.456455491886747	1348363
1	ENSBTAG00000026259	421945	422280	1	0	1274741
1	ENSBTAG00000013841	459812	460830	-1	0.0374045571918822	144638
1	ENSBTAG00000013841	459812	460830	-1	0.165167527153533	351236
1	ENSBTAG00000013841	459812	460830	-1	0	1091046
1	ENSBTAG00000013841	459812	460830	-1	0	406223
1	ENSBTAG00000013841	459812	460830	-1	0.0456139535335341	969847
1	ENSBTAG00000013841	459812	460830	-1	0.0254593503882538	682808
1	ENSBTAG00000013841	459812	460830	-1	0.0374045571918822	84477
1	ENSBTAG00000013841	459812	460830	-1	0.0602784966399458	1277653
1	ENSBTAG00000013841	459812	460830	-1	0.00729438807995913	355805
1	ENSBTAG00000013841	459812	460830	-1	0	468811
1	ENSBTAG00000013841	459812	460830	-1	0.098324443023127	1121547
1	ENSBTAG00000013841	459812	460830	-1	0	468515
1	ENSBTAG00000013841	459812	460830	-1	0	704822
1	ENSBTAG00000013841	459812	460830	-1	0	1289881
1	ENSBTAG00000013841	459812	460830	-1	0.126611998675117	1038529
1	ENSBTAG00000013841	459812	460830	-1	0.125512453136584	468266
1	ENSBTAG00000013841	459812	460830	-1	0	1224900
1	ENSBTAG00000013841	459812	460830	-1	0.0337474055151303	468623
1	ENSBTAG00000013841	459812	460830	-1	0.274066060839143	1331107
1	ENSBTAG00000013841	459812	460830	-1	0.0693272554450953	1054203
1	ENSBTAG00000013841	459812	460830	-1	0	1124434
1	ENSBTAG00000013841	459812	460830	-1	0	466611
1	ENSBTAG00000013841	459812	460830	-1	0.243310383893997	1035703
1	ENSBTAG00000011528	463572	478996	-1	0.278867502271491	967664
1	ENSBTAG00000011528	463572	478996	-1	0	489461
1	ENSBTAG00000011528	463572	478996	-1	0	956448
1	ENSBTAG00000011528	463572	478996	-1	0.115961720148525	1092403
1	ENSBTAG00000011528	463572	478996	-1	0	1118307
1	ENSBTAG00000011528	463572	478996	-1	0.00970089330285115	1095206
1	ENSBTAG00000011528	463572	478996	-1	0.0677400905262203	679333
1	ENSBTAG00000011528	463572	478996	-1	0	1152346
1	ENSBTAG00000011528	463572	478996	-1	0	152122
1	ENSBTAG00000011528	463572	478996	-1	0	1135186
1	ENSBTAG00000011528	463572	478996	-1	0.106564801426869	697875
1	ENSBTAG00000011528	463572	478996	-1	0	929237
1	ENSBTAG00000011528	463572	478996	-1	0	1020534
1	ENSBTAG00000011528	463572	478996	-1	0.00682692071378891	1350664
1	ENSBTAG00000011528	463572	478996	-1	0	1088960
1	ENSBTAG00000011528	463572	478996	-1	0.0206250941924139	944554
1	ENSBTAG00000011528	463572	478996	-1	0.0132711322666682	943329
1	ENSBTAG00000011528	463572	478996	-1	0.107857561655812	1351045
1	ENSBTAG00000011528	463572	478996	-1	0	468073
1	ENSBTAG00000011528	463572	478996	-1	0.205034443859392	1087748
1	ENSBTAG00000011528	463572	478996	-1	0.0593713748653238	969664
1	ENSBTAG00000011528	463572	478996	-1	0.0857151249292202	973350
1	ENSBTAG00000011528	463572	478996	-1	0	969967
1	ENSBTAG00000011528	463572	478996	-1	0	1153447
1	ENSBTAG00000011528	463572	478996	-1	0	1329841
1	ENSBTAG00000011528	463572	478996	-1	0	469676
1	ENSBTAG00000011528	463572	478996	-1	0.081009951663167	1122376
1	ENSBTAG00000011528	463572	478996	-1	0	1129057
1	ENSBTAG00000011528	463572	478996	-1	0.0534116100079643	681185
1	ENSBTAG00000011528	463572	478996	-1	0	157075
1	ENSBTAG00000011528	463572	478996	-1	0.0210640683606672	1109498
1	ENSBTAG00000011528	463572	478996	-1	0.1135986673302	1120544
1	ENSBTAG00000011528	463572	478996	-1	0.0693272554450953	461711
1	ENSBTAG00000011528	463572	478996	-1	1.05447053713827	467574
1	ENSBTAG00000011528	463572	478996	-1	0	1137635
1	ENSBTAG00000011528	463572	478996	-1	0.26317350995734	980669
1	ENSBTAG00000011528	463572	478996	-1	0	1212696
1	ENSBTAG00000011528	463572	478996	-1	0	149374
1	ENSBTAG00000011528	463572	478996	-1	0	35740
1	ENSBTAG00000011528	463572	478996	-1	0	143533
1	ENSBTAG00000011528	463572	478996	-1	0.151535926387971	709450
1	ENSBTAG00000011528	463572	478996	-1	0	723583
1	ENSBTAG00000011528	463572	478996	-1	0	1118259
1	ENSBTAG00000011528	463572	478996	-1	0	1167766
1	ENSBTAG00000011528	463572	478996	-1	0	1037399
1	ENSBTAG00000011528	463572	478996	-1	0.0606314752735393	958794
1	ENSBTAG00000011528	463572	478996	-1	0.165167527153533	1144024
1	ENSBTAG00000011528	463572	478996	-1	0.106794870667898	968768
1	ENSBTAG00000011528	463572	478996	-1	0	1233619
1	ENSBTAG00000011528	463572	478996	-1	0.00680595277756813	1351406
1	ENSBTAG00000011528	463572	478996	-1	0	1020185
1	ENSBTAG00000011528	463572	478996	-1	0.0328229372805829	1022050
1	ENSBTAG00000011528	463572	478996	-1	0.0119504353644615	1224902
1	ENSBTAG00000011528	463572	478996	-1	0.0332891881493785	1057910
1	ENSBTAG00000011528	463572	478996	-1	0	1367680
1	ENSBTAG00000011528	463572	478996	-1	0.00513095447136255	1052087
1	ENSBTAG00000011528	463572	478996	-1	0.0417431356242659	141408
1	ENSBTAG00000011528	463572	478996	-1	0	707244
1	ENSBTAG00000011528	463572	478996	-1	0.320636307359628	147231
1	ENSBTAG00000011528	463572	478996	-1	0	1366761
1	ENSBTAG00000011528	463572	478996	-1	0	156253
1	ENSBTAG00000011528	463572	478996	-1	0	1074760
1	ENSBTAG00000011528	463572	478996	-1	0.176449994769391	404050
1	ENSBTAG00000011528	463572	478996	-1	0	967806
1	ENSBTAG00000011528	463572	478996	-1	0.0709350279433847	33627
1	ENSBTAG00000011528	463572	478996	-1	0	1309597
1	ENSBTAG00000011528	463572	478996	-1	0	405825
1	ENSBTAG00000011528	463572	478996	-1	0.110865621811006	1361425
1	ENSBTAG00000011528	463572	478996	-1	0	473164
1	ENSBTAG00000011528	463572	478996	-1	0	983580
1	ENSBTAG00000011528	463572	478996	-1	0	943616
1	ENSBTAG00000011528	463572	478996	-1	0	1003193
1	ENSBTAG00000011528	463572	478996	-1	0	152345
1	ENSBTAG00000011528	463572	478996	-1	0.00433011920028914	1004418
1	ENSBTAG00000011528	463572	478996	-1	0.0855546461193686	466306
1	ENSBTAG00000011528	463572	478996	-1	0	999613
1	ENSBTAG00000011528	463572	478996	-1	0.0920105768473407	1063275
1	ENSBTAG00000011528	463572	478996	-1	0	1035888
1	ENSBTAG00000011528	463572	478996	-1	0	1020669
1	ENSBTAG00000011528	463572	478996	-1	0.0654257310243008	1232625
1	ENSBTAG00000011528	463572	478996	-1	0.123385526897684	469680
1	ENSBTAG00000011528	463572	478996	-1	0	156811
1	ENSBTAG00000011528	463572	478996	-1	0.0552646050366812	692292
1	ENSBTAG00000011528	463572	478996	-1	0.0139408226301394	143548
1	ENSBTAG00000011528	463572	478996	-1	0	145826
1	ENSBTAG00000011528	463572	478996	-1	0.501089060467857	357575
1	ENSBTAG00000011528	463572	478996	-1	0.461502461493137	1093984
1	ENSBTAG00000011528	463572	478996	-1	0	1069360
1	ENSBTAG00000011528	463572	478996	-1	0.366341221065814	963013
1	ENSBTAG00000011528	463572	478996	-1	0.00343187805998445	1034961
1	ENSBTAG00000011528	463572	478996	-1	0.116850219582092	1164242
1	ENSBTAG00000011528	463572	478996	-1	0.000494014910452669	1123749
1	ENSBTAG00000011528	463572	478996	-1	0	970459
1	ENSBTAG00000011528	463572	478996	-1	0	975072
1	ENSBTAG00000011528	463572	478996	-1	0.0593713748653238	1247635
1	ENSBTAG00000011528	463572	478996	-1	0.0437721278642583	476617
1	ENSBTAG00000011528	463572	478996	-1	0	1168493
1	ENSBTAG00000011528	463572	478996	-1	0	159424
1	ENSBTAG00000011528	463572	478996	-1	0	930112
1	ENSBTAG00000011528	463572	478996	-1	0.0680014976112164	484373
1	ENSBTAG00000011528	463572	478996	-1	0.071805400485459	989404
1	ENSBTAG00000011528	463572	478996	-1	0	472249
1	ENSBTAG00000011528	463572	478996	-1	NA	1035889
1	ENSBTAG00000011528	463572	478996	-1	0.179113491061305	473186
1	ENSBTAG00000011528	463572	478996	-1	0	1145563
1	ENSBTAG00000011528	463572	478996	-1	0.0110974036146296	721785
1	ENSBTAG00000011528	463572	478996	-1	0	712305
1	ENSBTAG00000011528	463572	478996	-1	0.0453813193864752	673522
1	ENSBTAG00000011528	463572	478996	-1	0.106478432141574	1274688
1	ENSBTAG00000011528	463572	478996	-1	0	685298
1	ENSBTAG00000011528	463572	478996	-1	0.0256868106873292	463078
1	ENSBTAG00000011528	463572	478996	-1	0	695520
1	ENSBTAG00000011528	463572	478996	-1	0.15878645221033	972979
1	ENSBTAG00000011528	463572	478996	-1	0.120541169985092	1037423
1	ENSBTAG00000011528	463572	478996	-1	0	947145
1	ENSBTAG00000011528	463572	478996	-1	0	964376
1	ENSBTAG00000011528	463572	478996	-1	0	1144131
1	ENSBTAG00000011528	463572	478996	-1	0.0800471217227353	1351456
1	ENSBTAG00000011528	463572	478996	-1	0	71455
1	ENSBTAG00000011528	463572	478996	-1	0.0396477999599688	467600
1	ENSBTAG00000011528	463572	478996	-1	0.00823961033115488	20476
1	ENSBTAG00000011528	463572	478996	-1	0.0544746639370981	972951
1	ENSBTAG00000011528	463572	478996	-1	0	1326602
1	ENSBTAG00000011528	463572	478996	-1	0	148995
1	ENSBTAG00000011528	463572	478996	-1	0	1175765
1	ENSBTAG00000011528	463572	478996	-1	0	1020667
1	ENSBTAG00000011528	463572	478996	-1	0.0590480739176205	959292
1	ENSBTAG00000011528	463572	478996	-1	0	1116914
1	ENSBTAG00000011528	463572	478996	-1	0.153688309135083	474801
1	ENSBTAG00000011528	463572	478996	-1	0.0553985809255632	467643
1	ENSBTAG00000011528	463572	478996	-1	0	474779
1	ENSBTAG00000011528	463572	478996	-1	0.152082687834867	1189361
1	ENSBTAG00000011528	463572	478996	-1	0	1184715
1	ENSBTAG00000011528	463572	478996	-1	0.0618861643625803	35742
1	ENSBTAG00000011528	463572	478996	-1	0.355569936098092	1119586
1	ENSBTAG00000011528	463572	478996	-1	0.107857561655812	1269516
1	ENSBTAG00000011528	463572	478996	-1	0.0312801623501501	992117
1	ENSBTAG00000011528	463572	478996	-1	0	1274831
1	ENSBTAG00000011528	463572	478996	-1	0.344810644372839	1276371
1	ENSBTAG00000011528	463572	478996	-1	0	152981
1	ENSBTAG00000011528	463572	478996	-1	0.0857482347355665	1334805
1	ENSBTAG00000011528	463572	478996	-1	0.15483196896709	1350616
1	ENSBTAG00000011528	463572	478996	-1	0.0693272554450953	983770
1	ENSBTAG00000011528	463572	478996	-1	0	1090678
1	ENSBTAG00000011528	463572	478996	-1	0.0603244202901912	715106
1	ENSBTAG00000011528	463572	478996	-1	0	356882
1	ENSBTAG00000011528	463572	478996	-1	0	1287340
1	ENSBTAG00000011528	463572	478996	-1	0.00627389253247473	403134
1	ENSBTAG00000011528	463572	478996	-1	0	1344391
1	ENSBTAG00000011528	463572	478996	-1	0	1286020
1	ENSBTAG00000011528	463572	478996	-1	0	1063009
1	ENSBTAG00000011528	463572	478996	-1	0	1001947
1	ENSBTAG00000011528	463572	478996	-1	0	1036620
1	ENSBTAG00000011528	463572	478996	-1	0	20235
1	ENSBTAG00000011528	463572	478996	-1	0.0168412172596081	694451
1	ENSBTAG00000011528	463572	478996	-1	0	1240737
1	ENSBTAG00000011528	463572	478996	-1	0.0234697329983317	1310877
1	ENSBTAG00000011528	463572	478996	-1	0	701811
1	ENSBTAG00000011528	463572	478996	-1	0	966524
1	ENSBTAG00000011528	463572	478996	-1	0.292591062540686	1248050
1	ENSBTAG00000011528	463572	478996	-1	0.286491334069476	1145353
1	ENSBTAG00000011528	463572	478996	-1	0	1262873
1	ENSBTAG00000011528	463572	478996	-1	0.0173238014776994	1231717
1	ENSBTAG00000011528	463572	478996	-1	0.239029997572937	1101819
1	ENSBTAG00000011528	463572	478996	-1	0.229650958392623	354216
1	ENSBTAG00000011528	463572	478996	-1	0.021602360766875	946383
1	ENSBTAG00000011528	463572	478996	-1	0	353295
1	ENSBTAG00000011528	463572	478996	-1	0.47223210948657	155994
1	ENSBTAG00000011528	463572	478996	-1	0	472389
1	ENSBTAG00000011528	463572	478996	-1	0.219242468786155	962458
1	ENSBTAG00000026260	484627	492432	-1	0	1131169
1	ENSBTAG00000026260	484627	492432	-1	0.109544665134005	363614
1	ENSBTAG00000026260	484627	492432	-1	0	132255
1	ENSBTAG00000026260	484627	492432	-1	0.209837560559607	153953
1	ENSBTAG00000026260	484627	492432	-1	0	976651
1	ENSBTAG00000026260	484627	492432	-1	0.0882571266995426	958055
1	ENSBTAG00000026260	484627	492432	-1	0.169875335633425	1255477
1	ENSBTAG00000026260	484627	492432	-1	0	955673
1	ENSBTAG00000026260	484627	492432	-1	0	1324289
1	ENSBTAG00000026260	484627	492432	-1	0.0154176112475272	1229411
1	ENSBTAG00000026260	484627	492432	-1	0.0193829978693013	1050003
1	ENSBTAG00000026260	484627	492432	-1	0.398481513998396	1351421
1	ENSBTAG00000026260	484627	492432	-1	0.0639832049870915	403288
1	ENSBTAG00000026260	484627	492432	-1	0	1090186
1	ENSBTAG00000026260	484627	492432	-1	0	1310873
1	ENSBTAG00000026260	484627	492432	-1	0	1088876
1	ENSBTAG00000026260	484627	492432	-1	NA	994380
1	ENSBTAG00000026260	484627	492432	-1	0	956519
1	ENSBTAG00000026260	484627	492432	-1	0.0456139535335341	929166
1	ENSBTAG00000045984	559139	559877	1	0	475953
1	ENSBTAG00000045984	559139	559877	1	0.119213825411526	704807
1	ENSBTAG00000045984	559139	559877	1	0.305042709621164	1085285
1	ENSBTAG00000045984	559139	559877	1	0	971019
1	ENSBTAG00000045984	559139	559877	1	0.114200823823933	401617
1	ENSBTAG00000045984	559139	559877	1	0.0232954822255086	1310839
1	ENSBTAG00000012594	669920	733729	-1	0.0139408226301394	1380342
1	ENSBTAG00000012594	669920	733729	-1	0	1351202
1	ENSBTAG00000012594	669920	733729	-1	0.205034443859392	355669
1	ENSBTAG00000012594	669920	733729	-1	0.0755446138593339	1167689
1	ENSBTAG00000012594	669920	733729	-1	0	1143285
1	ENSBTAG00000012594	669920	733729	-1	0	722694
1	ENSBTAG00000012594	669920	733729	-1	0.0316733154634362	1054321
1	ENSBTAG00000012594	669920	733729	-1	0	263474
1	ENSBTAG00000012594	669920	733729	-1	0	977739
1	ENSBTAG00000012594	669920	733729	-1	0	1074560
1	ENSBTAG00000012594	669920	733729	-1	0	1351117
1	ENSBTAG00000012594	669920	733729	-1	0.11601360386049	961863
1	ENSBTAG00000012594	669920	733729	-1	0	1117000
1	ENSBTAG00000012594	669920	733729	-1	0.135363912499674	1339430
1	ENSBTAG00000012594	669920	733729	-1	0	961740
1	ENSBTAG00000012594	669920	733729	-1	0	148390
1	ENSBTAG00000012594	669920	733729	-1	0	143449
1	ENSBTAG00000012594	669920	733729	-1	0	146621
1	ENSBTAG00000012594	669920	733729	-1	0.229073079908806	1093720
1	ENSBTAG00000012594	669920	733729	-1	0	467480
1	ENSBTAG00000012594	669920	733729	-1	0.0237964625988015	1207005
1	ENSBTAG00000012594	669920	733729	-1	0	1327230
1	ENSBTAG00000012594	669920	733729	-1	0.0132711322666682	1175533
1	ENSBTAG00000012594	669920	733729	-1	0	721243
1	ENSBTAG00000012594	669920	733729	-1	0	1149786
1	ENSBTAG00000012594	669920	733729	-1	0	1269475
1	ENSBTAG00000012594	669920	733729	-1	0.105186164719816	717189
1	ENSBTAG00000012594	669920	733729	-1	0.0886406705344883	676716
1	ENSBTAG00000012594	669920	733729	-1	0.0538807413653074	1147624
1	ENSBTAG00000012594	669920	733729	-1	0.0786569155353704	1223427
1	ENSBTAG00000012594	669920	733729	-1	0	1139438
1	ENSBTAG00000012594	669920	733729	-1	0.872874901389542	36440
1	ENSBTAG00000012594	669920	733729	-1	0	467163
1	ENSBTAG00000012594	669920	733729	-1	0.135857785822557	1167245
1	ENSBTAG00000012594	669920	733729	-1	0	1271699
1	ENSBTAG00000012594	669920	733729	-1	0	1340916
1	ENSBTAG00000012594	669920	733729	-1	0.175981339389575	721123
1	ENSBTAG00000012594	669920	733729	-1	0.311848017468913	1263154
1	ENSBTAG00000012594	669920	733729	-1	0	405390
1	ENSBTAG00000012594	669920	733729	-1	0	1000370
1	ENSBTAG00000012594	669920	733729	-1	0	474093
1	ENSBTAG00000012594	669920	733729	-1	0.126839605430984	718495
1	ENSBTAG00000012594	669920	733729	-1	0	1368256
1	ENSBTAG00000012594	669920	733729	-1	0	968332
1	ENSBTAG00000012594	669920	733729	-1	0	1265773
1	ENSBTAG00000012594	669920	733729	-1	0	961715
1	ENSBTAG00000012594	669920	733729	-1	0	1168230
1	ENSBTAG00000012594	669920	733729	-1	0	1349041
1	ENSBTAG00000012594	669920	733729	-1	0	163652
1	ENSBTAG00000012594	669920	733729	-1	0.000494014910452669	1354381
1	ENSBTAG00000012594	669920	733729	-1	0	157332
1	ENSBTAG00000012594	669920	733729	-1	0	702884
1	ENSBTAG00000012594	669920	733729	-1	0	690279
1	ENSBTAG00000012594	669920	733729	-1	0	1074782
1	ENSBTAG00000012594	669920	733729	-1	0.263323703479094	1139496
1	ENSBTAG00000012594	669920	733729	-1	0.00416395525912494	1097562
1	ENSBTAG00000012594	669920	733729	-1	0.116850219582092	955510
1	ENSBTAG00000012594	669920	733729	-1	0.0680225007650337	1287657
1	ENSBTAG00000012594	669920	733729	-1	0.00377699321963906	127840
1	ENSBTAG00000012594	669920	733729	-1	0.118671712349535	1149600
1	ENSBTAG00000012594	669920	733729	-1	0.011542169966196	732348
1	ENSBTAG00000012594	669920	733729	-1	0.149916826536773	999649
1	ENSBTAG00000012594	669920	733729	-1	0.181406858841233	1085475
1	ENSBTAG00000012594	669920	733729	-1	0	464971
1	ENSBTAG00000012594	669920	733729	-1	0	1249273
1	ENSBTAG00000012594	669920	733729	-1	0	487557
1	ENSBTAG00000012594	669920	733729	-1	0.414371422956297	1130739
1	ENSBTAG00000012594	669920	733729	-1	0.0277683732425924	1109796
1	ENSBTAG00000012594	669920	733729	-1	0.0259177491500174	669596
1	ENSBTAG00000012594	669920	733729	-1	0.453889941098995	467019
1	ENSBTAG00000012594	669920	733729	-1	0	1090819
1	ENSBTAG00000012594	669920	733729	-1	0	1349804
1	ENSBTAG00000012594	669920	733729	-1	0	1060155
1	ENSBTAG00000012594	669920	733729	-1	0	1090452
1	ENSBTAG00000012594	669920	733729	-1	0	964537
1	ENSBTAG00000012594	669920	733729	-1	0	474996
1	ENSBTAG00000012594	669920	733729	-1	0	1071436
1	ENSBTAG00000012594	669920	733729	-1	0.290969514023976	463517
1	ENSBTAG00000012594	669920	733729	-1	0.0688093258221041	154123
1	ENSBTAG00000012594	669920	733729	-1	0	1118656
1	ENSBTAG00000012594	669920	733729	-1	0	1361561
1	ENSBTAG00000012594	669920	733729	-1	0.00627389253247473	1274225
1	ENSBTAG00000012594	669920	733729	-1	0.26317350995734	1119077
1	ENSBTAG00000012594	669920	733729	-1	0	1331662
1	ENSBTAG00000012594	669920	733729	-1	0.26210546649091	476605
1	ENSBTAG00000012594	669920	733729	-1	0.098108815123889	461558
1	ENSBTAG00000012594	669920	733729	-1	0	1237229
1	ENSBTAG00000012594	669920	733729	-1	0	981844
1	ENSBTAG00000012594	669920	733729	-1	0.0191857045534484	1350560
1	ENSBTAG00000012594	669920	733729	-1	0	1277411
1	ENSBTAG00000012594	669920	733729	-1	0.218675225453012	1348898
1	ENSBTAG00000012594	669920	733729	-1	0	1152870
1	ENSBTAG00000012594	669920	733729	-1	0	1292562
1	ENSBTAG00000012594	669920	733729	-1	0.078217639645653	472168
1	ENSBTAG00000012594	669920	733729	-1	0	1090856
1	ENSBTAG00000012594	669920	733729	-1	0.165774244009696	728428
1	ENSBTAG00000012594	669920	733729	-1	0.0884286255215612	979063
1	ENSBTAG00000012594	669920	733729	-1	0	171725
1	ENSBTAG00000012594	669920	733729	-1	0	697059
1	ENSBTAG00000012594	669920	733729	-1	0.0693272554450953	1112260
1	ENSBTAG00000012594	669920	733729	-1	0	1310692
1	ENSBTAG00000012594	669920	733729	-1	0	1232661
1	ENSBTAG00000012594	669920	733729	-1	0.016736325715337	964789
1	ENSBTAG00000012594	669920	733729	-1	0.213266548529845	148959
1	ENSBTAG00000012594	669920	733729	-1	0	1026663
1	ENSBTAG00000012594	669920	733729	-1	0	1035969
1	ENSBTAG00000012594	669920	733729	-1	0.388653609815734	1109618
1	ENSBTAG00000012594	669920	733729	-1	0	715893
1	ENSBTAG00000012594	669920	733729	-1	0.0231905517205887	730657
1	ENSBTAG00000012594	669920	733729	-1	0.0761690069545825	1178467
1	ENSBTAG00000012594	669920	733729	-1	0	704501
1	ENSBTAG00000046118	709515	710143	-1	0.083392934332615	1366864
1	ENSBTAG00000012594	669920	733729	-1	0	1332916
1	ENSBTAG00000046118	709515	710143	-1	0.179086344656473	483960
1	ENSBTAG00000012594	669920	733729	-1	0	1204552
1	ENSBTAG00000046118	709515	710143	-1	0	1235585
1	ENSBTAG00000012594	669920	733729	-1	0.00311022917635083	1121242
1	ENSBTAG00000046118	709515	710143	-1	0.414371422956297	20342
1	ENSBTAG00000012594	669920	733729	-1	0.0288431229888704	968376
1	ENSBTAG00000012594	669920	733729	-1	0.142830247046221	1230633
1	ENSBTAG00000012594	669920	733729	-1	0	1137054
1	ENSBTAG00000012594	669920	733729	-1	0	1260750
1	ENSBTAG00000012594	669920	733729	-1	0.026412634695097	1047346
1	ENSBTAG00000012594	669920	733729	-1	0.0326992941829291	1043974
1	ENSBTAG00000012594	669920	733729	-1	0	972850
1	ENSBTAG00000012594	669920	733729	-1	0.0124181937117356	1129054
1	ENSBTAG00000012594	669920	733729	-1	0	463859
1	ENSBTAG00000012594	669920	733729	-1	0.0454950785367086	719785
1	ENSBTAG00000012594	669920	733729	-1	0	160437
1	ENSBTAG00000012594	669920	733729	-1	0	1148261
1	ENSBTAG00000012594	669920	733729	-1	0.11601360386049	1050730
1	ENSBTAG00000012594	669920	733729	-1	0.0814094451695528	1118975
1	ENSBTAG00000012594	669920	733729	-1	0	677343
1	ENSBTAG00000012594	669920	733729	-1	0	158544
1	ENSBTAG00000012594	669920	733729	-1	0	718324
1	ENSBTAG00000012594	669920	733729	-1	0.172687640893811	160075
1	ENSBTAG00000012594	669920	733729	-1	0	1285788
1	ENSBTAG00000012594	669920	733729	-1	0.0983197483977288	34012
1	ENSBTAG00000012594	669920	733729	-1	0	967941
1	ENSBTAG00000012594	669920	733729	-1	0.130431028149955	929617
1	ENSBTAG00000012594	669920	733729	-1	0	967897
1	ENSBTAG00000012594	669920	733729	-1	0.639321975801283	1016422
1	ENSBTAG00000012594	669920	733729	-1	0	1211750
1	ENSBTAG00000012594	669920	733729	-1	0	1227924
1	ENSBTAG00000012594	669920	733729	-1	0.387146993692936	970393
1	ENSBTAG00000012594	669920	733729	-1	0	969312
1	ENSBTAG00000012594	669920	733729	-1	0	356175
1	ENSBTAG00000012594	669920	733729	-1	0.142920210625156	726872
1	ENSBTAG00000012594	669920	733729	-1	0	685926
1	ENSBTAG00000012594	669920	733729	-1	0.241135389354977	1223376
1	ENSBTAG00000012594	669920	733729	-1	0	1336351
1	ENSBTAG00000012594	669920	733729	-1	0.0864615861861495	1147942
1	ENSBTAG00000012594	669920	733729	-1	0.0453813193864752	1286028
1	ENSBTAG00000012594	669920	733729	-1	0	1196883
1	ENSBTAG00000012594	669920	733729	-1	0	1120172
1	ENSBTAG00000012594	669920	733729	-1	0	359252
1	ENSBTAG00000012594	669920	733729	-1	0	468788
1	ENSBTAG00000012594	669920	733729	-1	0.0100498823284938	352917
1	ENSBTAG00000012594	669920	733729	-1	0.20448626135138	1327233
1	ENSBTAG00000012594	669920	733729	-1	0	672451
1	ENSBTAG00000012594	669920	733729	-1	0.0280102797759113	1246114
1	ENSBTAG00000012594	669920	733729	-1	0	1310508
1	ENSBTAG00000012594	669920	733729	-1	0.0944150617860293	1308538
1	ENSBTAG00000012594	669920	733729	-1	0.178939016726872	958591
1	ENSBTAG00000012594	669920	733729	-1	0.0186974635014876	1061597
1	ENSBTAG00000012594	669920	733729	-1	0	490352
1	ENSBTAG00000012594	669920	733729	-1	0	966923
1	ENSBTAG00000012594	669920	733729	-1	0.317441132849399	150664
1	ENSBTAG00000012594	669920	733729	-1	0	1148458
1	ENSBTAG00000012594	669920	733729	-1	0	930056
1	ENSBTAG00000012594	669920	733729	-1	0.139150193169168	1376843
1	ENSBTAG00000012594	669920	733729	-1	0.107857561655812	20749
1	ENSBTAG00000012594	669920	733729	-1	0.0264357406929566	1091708
1	ENSBTAG00000012594	669920	733729	-1	0.0538807413653074	408184
1	ENSBTAG00000012594	669920	733729	-1	0	463128
1	ENSBTAG00000012594	669920	733729	-1	0	1274486
1	ENSBTAG00000012594	669920	733729	-1	0	471995
1	ENSBTAG00000012594	669920	733729	-1	0.0930458611495045	1360639
1	ENSBTAG00000047487	750707	750813	1	0	423202
1	ENSBTAG00000047487	750707	750813	1	0	1131704
1	ENSBTAG00000047487	750707	750813	1	0.0255534149643998	728092
1	ENSBTAG00000018278	922635	929992	1	0	460793
1	ENSBTAG00000018278	922635	929992	1	0	1310891
1	ENSBTAG00000018278	922635	929992	1	0	996397
1	ENSBTAG00000018278	922635	929992	1	0	1043681
1	ENSBTAG00000018278	922635	929992	1	0	559195
1	ENSBTAG00000018278	922635	929992	1	0.115620202727274	160245
1	ENSBTAG00000018278	922635	929992	1	0.013862591388399	1074002
1	ENSBTAG00000018278	922635	929992	1	0	718453
1	ENSBTAG00000018278	922635	929992	1	0.164491778584443	1342590
1	ENSBTAG00000018278	922635	929992	1	0	1127099
1	ENSBTAG00000018278	922635	929992	1	0.0234107441409152	484080
1	ENSBTAG00000018278	922635	929992	1	0.039460239601641	970458
1	ENSBTAG00000018278	922635	929992	1	0.368170906663404	148592
1	ENSBTAG00000018278	922635	929992	1	0.137473656902941	1087150
1	ENSBTAG00000018278	922635	929992	1	0	1247684
1	ENSBTAG00000018278	922635	929992	1	0.129232409979391	1263999
1	ENSBTAG00000018278	922635	929992	1	0	1069428
1	ENSBTAG00000018278	922635	929992	1	0	70226
1	ENSBTAG00000018278	922635	929992	1	0.126839605430984	1211378
1	ENSBTAG00000018278	922635	929992	1	0.359149616940743	926941
1	ENSBTAG00000018278	922635	929992	1	0	964808
1	ENSBTAG00000018278	922635	929992	1	0	465262
1	ENSBTAG00000018278	922635	929992	1	0	688957
1	ENSBTAG00000018278	922635	929992	1	0	983671
1	ENSBTAG00000018278	922635	929992	1	0	1063980
1	ENSBTAG00000018278	922635	929992	1	0	1159474
1	ENSBTAG00000018278	922635	929992	1	0	407571
1	ENSBTAG00000018278	922635	929992	1	0.283794351278568	1234998
1	ENSBTAG00000018278	922635	929992	1	0.0195515768536975	1121981
1	ENSBTAG00000021997	944294	1188287	-1	0	180478
1	ENSBTAG00000021997	944294	1188287	-1	0	1232444
1	ENSBTAG00000021997	944294	1188287	-1	0	471237
1	ENSBTAG00000021997	944294	1188287	-1	0.285334099325953	1379982
1	ENSBTAG00000021997	944294	1188287	-1	0	158820
1	ENSBTAG00000021997	944294	1188287	-1	0.0920105768473407	1328003
1	ENSBTAG00000021997	944294	1188287	-1	0.184033870172256	401311
1	ENSBTAG00000021997	944294	1188287	-1	0	1222221
1	ENSBTAG00000021997	944294	1188287	-1	0.081852842654921	956202
1	ENSBTAG00000021997	944294	1188287	-1	0	1211379
1	ENSBTAG00000021997	944294	1188287	-1	0.110890382740819	1367125
1	ENSBTAG00000021997	944294	1188287	-1	0.0654257310243008	969516
1	ENSBTAG00000021997	944294	1188287	-1	0.0300428162358216	1060252
1	ENSBTAG00000021997	944294	1188287	-1	0.247014805349523	994810
1	ENSBTAG00000021997	944294	1188287	-1	0	1110395
1	ENSBTAG00000021997	944294	1188287	-1	0	474233
1	ENSBTAG00000021997	944294	1188287	-1	0	157275
1	ENSBTAG00000021997	944294	1188287	-1	0.464410248020395	1089627
1	ENSBTAG00000021997	944294	1188287	-1	0	695660
1	ENSBTAG00000021997	944294	1188287	-1	0	952083
1	ENSBTAG00000021997	944294	1188287	-1	0	967470
1	ENSBTAG00000021997	944294	1188287	-1	0.0944648358593559	458963
1	ENSBTAG00000021997	944294	1188287	-1	0.0992631125578195	1002278
1	ENSBTAG00000021997	944294	1188287	-1	0.110865621811006	1016009
1	ENSBTAG00000021997	944294	1188287	-1	0	473492
1	ENSBTAG00000021997	944294	1188287	-1	0	157584
1	ENSBTAG00000021997	944294	1188287	-1	0.0654257310243008	989955
1	ENSBTAG00000021997	944294	1188287	-1	0	964835
1	ENSBTAG00000021997	944294	1188287	-1	0.272717284083775	149246
1	ENSBTAG00000021997	944294	1188287	-1	0	959566
1	ENSBTAG00000021997	944294	1188287	-1	0	358433
1	ENSBTAG00000021997	944294	1188287	-1	0	967081
1	ENSBTAG00000021997	944294	1188287	-1	0	1350755
1	ENSBTAG00000021997	944294	1188287	-1	0.165167527153533	466706
1	ENSBTAG00000021997	944294	1188287	-1	0.464410248020395	943948
1	ENSBTAG00000021997	944294	1188287	-1	0	466762
1	ENSBTAG00000021997	944294	1188287	-1	0.137579188857178	1358738
1	ENSBTAG00000021997	944294	1188287	-1	0.393334476854338	1291694
1	ENSBTAG00000021997	944294	1188287	-1	0	1127956
1	ENSBTAG00000021997	944294	1188287	-1	0	969059
1	ENSBTAG00000021997	944294	1188287	-1	0.00587893597540613	461749
1	ENSBTAG00000021997	944294	1188287	-1	0	20514
1	ENSBTAG00000021997	944294	1188287	-1	0	159718
1	ENSBTAG00000021997	944294	1188287	-1	0.0310080460569875	1157844
1	ENSBTAG00000021997	944294	1188287	-1	0	988922
1	ENSBTAG00000021997	944294	1188287	-1	0.0337874665875993	958915
1	ENSBTAG00000021997	944294	1188287	-1	0.013862591388399	677494
1	ENSBTAG00000021997	944294	1188287	-1	0	972598
1	ENSBTAG00000021997	944294	1188287	-1	0.0681134711377274	1191092
1	ENSBTAG00000021997	944294	1188287	-1	0.0654257310243008	961801
1	ENSBTAG00000021997	944294	1188287	-1	0.412550711128216	462760
1	ENSBTAG00000021997	944294	1188287	-1	0.0688093258221041	157187
1	ENSBTAG00000021997	944294	1188287	-1	0	1068784
1	ENSBTAG00000021997	944294	1188287	-1	0	698067
1	ENSBTAG00000021997	944294	1188287	-1	0	1090627
1	ENSBTAG00000021997	944294	1188287	-1	0	472404
1	ENSBTAG00000021997	944294	1188287	-1	0.0165368420093683	404990
1	ENSBTAG00000021997	944294	1188287	-1	0	956185
1	ENSBTAG00000021997	944294	1188287	-1	0.142920210625156	954240
1	ENSBTAG00000021997	944294	1188287	-1	0.21718848304855	1085697
1	ENSBTAG00000021997	944294	1188287	-1	0	691488
1	ENSBTAG00000021997	944294	1188287	-1	0	1005771
1	ENSBTAG00000021997	944294	1188287	-1	0	467103
1	ENSBTAG00000021997	944294	1188287	-1	0.0409397275393091	1022042
1	ENSBTAG00000021997	944294	1188287	-1	0.0311796124704344	362318
1	ENSBTAG00000021997	944294	1188287	-1	0.124312089188432	1076081
1	ENSBTAG00000021997	944294	1188287	-1	0	694556
1	ENSBTAG00000021997	944294	1188287	-1	0	952230
1	ENSBTAG00000021997	944294	1188287	-1	0.335245640102159	955882
1	ENSBTAG00000021997	944294	1188287	-1	0.110890382740819	465689
1	ENSBTAG00000021997	944294	1188287	-1	0.210015282762296	1268061
1	ENSBTAG00000021997	944294	1188287	-1	0	1361581
1	ENSBTAG00000021997	944294	1188287	-1	0.0638745700829318	963676
1	ENSBTAG00000021997	944294	1188287	-1	0	1280404
1	ENSBTAG00000021997	944294	1188287	-1	0.129632302724694	147600
1	ENSBTAG00000021997	944294	1188287	-1	0	487186
1	ENSBTAG00000021997	944294	1188287	-1	0	486283
1	ENSBTAG00000021997	944294	1188287	-1	0.00901320739059984	718598
1	ENSBTAG00000021997	944294	1188287	-1	0.0273680162968275	466188
1	ENSBTAG00000021997	944294	1188287	-1	0.0449779526356016	973358
1	ENSBTAG00000021997	944294	1188287	-1	0	709964
1	ENSBTAG00000021997	944294	1188287	-1	0.501089060467857	1195870
1	ENSBTAG00000021997	944294	1188287	-1	0	473958
1	ENSBTAG00000021997	944294	1188287	-1	0.00390175717220253	1289971
1	ENSBTAG00000021997	944294	1188287	-1	0.187632550329159	168374
1	ENSBTAG00000021997	944294	1188287	-1	0.284821516436594	159169
1	ENSBTAG00000021997	944294	1188287	-1	0	401043
1	ENSBTAG00000021997	944294	1188287	-1	0.093235081032793	1050725
1	ENSBTAG00000021997	944294	1188287	-1	0.0176406819299817	1288025
1	ENSBTAG00000021997	944294	1188287	-1	0.229650958392623	1223427
1	ENSBTAG00000021997	944294	1188287	-1	0.268078084988055	969011
1	ENSBTAG00000021997	944294	1188287	-1	0	1226934
1	ENSBTAG00000021997	944294	1188287	-1	0.243107063497675	999656
1	ENSBTAG00000021997	944294	1188287	-1	0	559665
1	ENSBTAG00000021997	944294	1188287	-1	0.253655102424815	468236
1	ENSBTAG00000021997	944294	1188287	-1	0	400388
1	ENSBTAG00000021997	944294	1188287	-1	0	467047
1	ENSBTAG00000021997	944294	1188287	-1	0	970462
1	ENSBTAG00000021997	944294	1188287	-1	0	149906
1	ENSBTAG00000021997	944294	1188287	-1	0	1100084
1	ENSBTAG00000021997	944294	1188287	-1	0.05132955789134	464989
1	ENSBTAG00000021997	944294	1188287	-1	0	962643
1	ENSBTAG00000021997	944294	1188287	-1	0	1379728
1	ENSBTAG00000021997	944294	1188287	-1	0	405045
1	ENSBTAG00000021997	944294	1188287	-1	0	1100850
1	ENSBTAG00000021997	944294	1188287	-1	0	1009504
1	ENSBTAG00000021997	944294	1188287	-1	0	1379946
1	ENSBTAG00000021997	944294	1188287	-1	0	1367039
1	ENSBTAG00000021997	944294	1188287	-1	0.372905094663442	1081156
1	ENSBTAG00000021997	944294	1188287	-1	0	1340994
1	ENSBTAG00000021997	944294	1188287	-1	0	1126923
1	ENSBTAG00000021997	944294	1188287	-1	0	470886
1	ENSBTAG00000021997	944294	1188287	-1	0.100016227082189	1376884
1	ENSBTAG00000021997	944294	1188287	-1	0.225911914656269	1139741
1	ENSBTAG00000021997	944294	1188287	-1	0.116870706993158	1268841
1	ENSBTAG00000021997	944294	1188287	-1	0.0271058281272712	168997
1	ENSBTAG00000021997	944294	1188287	-1	0	468500
1	ENSBTAG00000021997	944294	1188287	-1	0.299249671896803	1233361
1	ENSBTAG00000021997	944294	1188287	-1	0	681740
1	ENSBTAG00000021997	944294	1188287	-1	0	1119606
1	ENSBTAG00000021997	944294	1188287	-1	0.802035439936688	1062795
1	ENSBTAG00000021997	944294	1188287	-1	0.0906265342911859	156750
1	ENSBTAG00000021997	944294	1188287	-1	0.00609701421158255	962261
1	ENSBTAG00000021997	944294	1188287	-1	0.272782731667226	1380334
1	ENSBTAG00000021997	944294	1188287	-1	0.0712425749860528	1089622
1	ENSBTAG00000021997	944294	1188287	-1	0.0454950785367086	1341397
1	ENSBTAG00000021997	944294	1188287	-1	0.243107063497675	356470
1	ENSBTAG00000021997	944294	1188287	-1	0.10167610195588	1115758
1	ENSBTAG00000021997	944294	1188287	-1	0.134714731424068	154543
1	ENSBTAG00000021997	944294	1188287	-1	0.168085321467912	560858
1	ENSBTAG00000021997	944294	1188287	-1	0	1368072
1	ENSBTAG00000021997	944294	1188287	-1	0	992882
1	ENSBTAG00000021997	944294	1188287	-1	0	159476
1	ENSBTAG00000021997	944294	1188287	-1	0.468960196330538	1099526
1	ENSBTAG00000021997	944294	1188287	-1	0	1092915
1	ENSBTAG00000021997	944294	1188287	-1	0	1089860
1	ENSBTAG00000021997	944294	1188287	-1	0.0461682466381003	1090866
1	ENSBTAG00000021997	944294	1188287	-1	0	956105
1	ENSBTAG00000021997	944294	1188287	-1	0	1332318
1	ENSBTAG00000021997	944294	1188287	-1	0.0823459332783636	487925
1	ENSBTAG00000021997	944294	1188287	-1	0.0778667833459604	972787
1	ENSBTAG00000021997	944294	1188287	-1	0	955265
1	ENSBTAG00000021997	944294	1188287	-1	0	169597
1	ENSBTAG00000021997	944294	1188287	-1	0.0544746639370981	402808
1	ENSBTAG00000021997	944294	1188287	-1	0	1057769
1	ENSBTAG00000021997	944294	1188287	-1	0.00343187805998445	970899
1	ENSBTAG00000021997	944294	1188287	-1	0.129232409979391	1036218
1	ENSBTAG00000021997	944294	1188287	-1	0	1307763
1	ENSBTAG00000021997	944294	1188287	-1	0	1341527
1	ENSBTAG00000021997	944294	1188287	-1	0	421726
1	ENSBTAG00000021997	944294	1188287	-1	0.229073079908806	963482
1	ENSBTAG00000021997	944294	1188287	-1	0.092049727970328	727568
1	ENSBTAG00000021997	944294	1188287	-1	0.0823459332783636	1052906
1	ENSBTAG00000021997	944294	1188287	-1	0.0983875550918267	20822
1	ENSBTAG00000021997	944294	1188287	-1	0.226594512388273	468125
1	ENSBTAG00000021997	944294	1188287	-1	0	1043440
1	ENSBTAG00000021997	944294	1188287	-1	0	459134
1	ENSBTAG00000021997	944294	1188287	-1	0	677117
1	ENSBTAG00000021997	944294	1188287	-1	0	465831
1	ENSBTAG00000021997	944294	1188287	-1	0	731812
1	ENSBTAG00000021997	944294	1188287	-1	0	1309551
1	ENSBTAG00000021997	944294	1188287	-1	0.0206250941924139	460409
1	ENSBTAG00000021997	944294	1188287	-1	0	1169990
1	ENSBTAG00000021997	944294	1188287	-1	0.460975527568143	463462
1	ENSBTAG00000021997	944294	1188287	-1	0.244330792908623	978044
1	ENSBTAG00000021997	944294	1188287	-1	0.0151402046501788	1351319
1	ENSBTAG00000021997	944294	1188287	-1	0.127190225552652	1154223
1	ENSBTAG00000021997	944294	1188287	-1	0	689686
1	ENSBTAG00000021997	944294	1188287	-1	0	1119585
1	ENSBTAG00000021997	944294	1188287	-1	0.106276800640378	1376977
1	ENSBTAG00000021997	944294	1188287	-1	0.200762716890178	712301
1	ENSBTAG00000021997	944294	1188287	-1	0.0293259932081977	1043405
1	ENSBTAG00000021997	944294	1188287	-1	0.0169776951184554	1222946
1	ENSBTAG00000021997	944294	1188287	-1	0.0141740732592749	960971
1	ENSBTAG00000021997	944294	1188287	-1	0	401636
1	ENSBTAG00000021997	944294	1188287	-1	0	355772
1	ENSBTAG00000021997	944294	1188287	-1	0.00264254542709385	20360
1	ENSBTAG00000021997	944294	1188287	-1	0	700561
1	ENSBTAG00000021997	944294	1188287	-1	0	1140372
1	ENSBTAG00000021997	944294	1188287	-1	0	474211
1	ENSBTAG00000021997	944294	1188287	-1	0.00377699321963906	1200712
1	ENSBTAG00000021997	944294	1188287	-1	0.336301191623403	150657
1	ENSBTAG00000021997	944294	1188287	-1	0	401540
1	ENSBTAG00000021997	944294	1188287	-1	0.0999977100685902	1057796
1	ENSBTAG00000021997	944294	1188287	-1	0	1254885
1	ENSBTAG00000021997	944294	1188287	-1	0.0643050092499583	403170
1	ENSBTAG00000021997	944294	1188287	-1	0.47223210948657	1036957
1	ENSBTAG00000021997	944294	1188287	-1	0	1076889
1	ENSBTAG00000021997	944294	1188287	-1	0.013112526475364	975614
1	ENSBTAG00000021997	944294	1188287	-1	0.405877773839228	1104586
1	ENSBTAG00000021997	944294	1188287	-1	0.0199604201692969	961924
1	ENSBTAG00000021997	944294	1188287	-1	0.268078084988055	1155096
1	ENSBTAG00000021997	944294	1188287	-1	0	1291519
1	ENSBTAG00000021997	944294	1188287	-1	0.0607988161148036	484853
1	ENSBTAG00000021997	944294	1188287	-1	0.30854659633375	1054054
1	ENSBTAG00000021997	944294	1188287	-1	0.149916826536773	1179904
1	ENSBTAG00000021997	944294	1188287	-1	0	924668
1	ENSBTAG00000021997	944294	1188287	-1	0.109544665134005	1086809
1	ENSBTAG00000021997	944294	1188287	-1	0.0538807413653074	974161
1	ENSBTAG00000021997	944294	1188287	-1	0.224355788968933	477622
1	ENSBTAG00000021997	944294	1188287	-1	0	1309516
1	ENSBTAG00000021997	944294	1188287	-1	0	1020161
1	ENSBTAG00000021997	944294	1188287	-1	0.23542953271296	152293
1	ENSBTAG00000021997	944294	1188287	-1	0	1351530
1	ENSBTAG00000021997	944294	1188287	-1	0.114013390752542	1115817
1	ENSBTAG00000021997	944294	1188287	-1	0.453889941098995	679970
1	ENSBTAG00000021997	944294	1188287	-1	0	1271016
1	ENSBTAG00000021997	944294	1188287	-1	0.0602784966399458	1087084
1	ENSBTAG00000021997	944294	1188287	-1	0	1268849
1	ENSBTAG00000021997	944294	1188287	-1	0.0857151249292202	358292
1	ENSBTAG00000021997	944294	1188287	-1	0.181473316233915	969274
1	ENSBTAG00000021997	944294	1188287	-1	0	1030891
1	ENSBTAG00000021997	944294	1188287	-1	0.0776455033434746	951767
1	ENSBTAG00000021997	944294	1188287	-1	0.169877571551169	961325
1	ENSBTAG00000021997	944294	1188287	-1	0.321963545595717	1060396
1	ENSBTAG00000021997	944294	1188287	-1	0	1048994
1	ENSBTAG00000021997	944294	1188287	-1	0	1351398
1	ENSBTAG00000021997	944294	1188287	-1	0.244781207345163	734434
1	ENSBTAG00000021997	944294	1188287	-1	0.0199604201692969	153447
1	ENSBTAG00000021997	944294	1188287	-1	0	1156504
1	ENSBTAG00000021997	944294	1188287	-1	0	1367117
1	ENSBTAG00000021997	944294	1188287	-1	0.0142517229138271	947462
1	ENSBTAG00000021997	944294	1188287	-1	0.0206250941924139	154495
1	ENSBTAG00000021997	944294	1188287	-1	0	352837
1	ENSBTAG00000021997	944294	1188287	-1	0	357124
1	ENSBTAG00000021997	944294	1188287	-1	0.557190728908487	1123021
1	ENSBTAG00000021997	944294	1188287	-1	0	355423
1	ENSBTAG00000021997	944294	1188287	-1	0	1239588
1	ENSBTAG00000021997	944294	1188287	-1	0.175910466411459	464560
1	ENSBTAG00000021997	944294	1188287	-1	0.123385526897684	750262
1	ENSBTAG00000021997	944294	1188287	-1	0.0606314752735393	362525
1	ENSBTAG00000021997	944294	1188287	-1	0.0707414894502212	1043239
1	ENSBTAG00000021997	944294	1188287	-1	0.0572766871486817	151230
1	ENSBTAG00000021997	944294	1188287	-1	0	1139732
1	ENSBTAG00000021997	944294	1188287	-1	0	701465
